{"text": " Bonjour \u00e0 toutes et \u00e0 tous, ici le cours de Cyberdev 101, donc je vous repose de d\u00e9marrer quand vous voulez.", "segments": [{"id": 0, "seek": 0, "start": 0.0, "end": 6.5, "text": " Bonjour \u00e0 toutes et \u00e0 tous, ici le cours de Cyberdev 101, donc je vous repose de", "tokens": [50364, 25431, 1531, 14437, 1030, 1531, 8317, 11, 11575, 476, 25452, 368, 22935, 40343, 21055, 11, 5926, 1506, 2630, 1085, 541, 368, 50689], "temperature": 0.0, "avg_logprob": -0.4114017197580049, "compression_ratio": 1.1326530612244898, "no_speech_prob": 0.11242159456014633}, {"id": 1, "seek": 0, "start": 6.5, "end": 10.0, "text": " d\u00e9marrer quand vous voulez.", "tokens": [50689, 22761, 2284, 260, 6932, 2630, 29072, 13, 50864], "temperature": 0.0, "avg_logprob": -0.4114017197580049, "compression_ratio": 1.1326530612244898, "no_speech_prob": 0.11242159456014633}], "language": "fr"}